[
  {
    "id": 1,
    "studyTime": ["学习时长", 220, 260, 220, 480, 200, 300],
    "sportTime": ["运动时长", 150, 220, 260, 220, 480, 200],
    "volunteerTime": ["志愿时长", 180, 168, 152, 251, 148, 84],
    "amusement": ["娱乐时长", 180, 168, 152, 251, 148, 84]
  },
  {
    "id": 2,
    "studyTime": ["学习时长", 220, 260, 220, 480, 200, 300],
    "sportTime": ["运动时长", 150, 220, 260, 220, 480, 200],
    "volunteerTime": ["志愿时长", 180, 168, 152, 251, 148, 84],
    "amusement": ["娱乐时长", 180, 168, 152, 251, 148, 84]
  },
  {
    "id": 3,
    "studyTime": ["学习时长", 220, 260, 220, 480, 200, 300],
    "sportTime": ["运动时长", 150, 220, 260, 220, 480, 200],
    "volunteerTime": ["志愿时长", 180, 168, 152, 251, 148, 84],
    "amusement": ["娱乐时长", 180, 168, 152, 251, 148, 84]
  },
  {
    "id": 4,
    "studyTime": ["学习时长", 220, 260, 220, 480, 200, 300],
    "sportTime": ["运动时长", 150, 220, 260, 220, 480, 200],
    "volunteerTime": ["志愿时长", 180, 168, 152, 251, 148, 84],
    "amusement": ["娱乐时长", 180, 168, 152, 251, 148, 84]

  }
]