[
  {
    "id": 1,
    "username": "李阳",
    "age": 20,
    "userAccount": "Lyles2163",
    "avatarUrl": "assets/media/classImg/李阳.jpg",
    "gender": "男",
    "createTime": "2024-10-10",
    "userRole": 1    ,
    "userPassword": 123456
  },
  {
    "id": 2,
    "username": "李婷风",
    "age": 20,
    "userAccount": "litingfeng123",
    "avatarUrl": "https://th.bing.com/th/id/OIP.oT1A9TFTVrolAUvJgBMmMwHaHP?w=216&h=212&c=7&r=0&o=5&dpr=1.3&pid=1.7",
    "gender": "男",
    "createTime": "2024-10-10",
    "userRole": 3    ,
    "userPassword": 123456
  },
  {
    "id": 3,
    "username": "张泰源",
    "age": 20,
    "userAccount": "zhangtaiyuan123",
    "avatarUrl": "assets/media/classImg/张泰源.jpg",
    "gender": "男",
    "createTime": "2024-10-10",
    "userRole": 4    ,
    "userPassword": 123456
  },
  {
    "id": 4,
    "username": "沈宥希",
    "age": 20,
    "userAccount": "shenyouxi123",
    "avatarUrl": "assets/media/classImg/沈宥希.jpg",
    "gender": "女",
    "createTime": "2024-10-10",
    "userRole": 5    ,
    "userPassword": 123456
  },
  {
    "id": 5,
    "username": "曹星",
    "age": 20,
    "userAccount": "caoxing123",
    "avatarUrl": "assets/media/classImg/曹星.jpg",
    "gender": "男",
    "createTime": "2024-10-10",
    "userRole": 6    ,
    "userPassword": 123456
  },
  {
    "id": 6,
    "username": "何晓宇",
    "age": 20,
    "userAccount": "hexiaoyu123",
    "avatarUrl": "assets/media/classImg/何晓宇.jpg",
    "gender": "女",
    "createTime": "2024-10-10",
    "userRole": 6    ,
    "userPassword": 123456
  },
  {
    "id": 7,
    "username": "周宇鑫",
    "age": 20,
    "userAccount": "zhouyuxin123",
    "avatarUrl": "assets/media/classImg/周宇鑫.jpg",
    "gender": "男",
    "createTime": "2024-10-10",
    "userRole": 7    ,
    "userPassword": 123456
  },
  {
    "id": 8,
    "username": "金广全",
    "age": 22,
    "userAccount": "jinguangquan123",
    "avatarUrl": "assets/media/classImg/金广全.jpg",
    "gender": "男",
    "createTime": "2024-10-10",
    "userRole": 8    ,
    "userPassword": 123456
  },
  {
    "id": 9,
    "username": "吴启源",
    "age": 22,
    "userAccount": "wuqiyuan123",
    "avatarUrl": "assets/media/classImg/吴启源.jpg",
    "gender": "男",
    "createTime": "2024-10-10",
    "userRole": 9    ,
    "userPassword": 123456
  },
  {
    "id": 10,
    "username": "杨俊杰",
    "age": 22,
    "userAccount": "yangjunjie123",
    "avatarUrl": "assets/media/classImg/杨俊杰.jpg",
    "gender": "男",
    "createTime": "2024-10-10",
    "userRole": 10    ,
    "userPassword":123456
  },
  {
    "id": 11,
    "username": "罗伟豪",
    "age": 22,
    "userAccount": "luoweihao123",
    "avatarUrl": "assets/media/classImg/罗伟豪.jpg",
    "gender": "男",
    "createTime": "2024-10-10",
    "userRole": 11    ,
    "userPassword":123456
  },
  {
    "id": 12,
    "username": "房顺",
    "age": 22,
    "userAccount": "fangshun123",
    "avatarUrl": "assets/media/classImg/房顺.jpg",
    "gender": "女",
    "createTime": "2024-10-10",
    "userRole": 12   ,
    "userPassword":123456
  },
  {
    "id": 13,
    "username": "朱虹静",
    "age": 22,
    "userAccount": "zhuhongjing123",
    "avatarUrl": "assets/media/classImg/朱虹静.jpg",
    "gender": "女",
    "createTime": "2024-10-10",
    "userRole": 13    ,
    "userPassword":123456
  },
  {
    "id": 14,
    "username": "蔡锦东",
    "age": 20,
    "userAccount": "caijindong123",
    "avatarUrl": "assets/media/classImg/蔡锦东.jpg",
    "gender": "男",
    "createTime": "2024-10-10",
    "userRole": 0    ,
    "userPassword": 123456
  },
  {
    "id": 15,
    "username": "蔡梓煜",
    "age": 20,
    "userAccount": "caiziyu123",
    "avatarUrl": "assets/media/classImg/蔡梓煜.jpg",
    "gender": "男",
    "createTime": "2024-10-10",
    "userRole": 0    ,
    "userPassword": 123456
  },
  {
    "id": 16,
    "username": "曾楚然",
    "age": 20,
    "userAccount": "zengchuran123",
    "avatarUrl": "assets/media/classImg/曾楚然.jpg",
    "gender": "男",
    "createTime": "2024-10-10",
    "userRole": 0    ,
    "userPassword": 123456
  },
  {
    "id": 17,
    "username": "曾海鑫",
    "age": 20,
    "userAccount": "zenghaixin123",
    "avatarUrl": "assets/media/classImg/曾海鑫.jpg",
    "gender": "男",
    "createTime": "2024-10-10",
    "userRole": 0    ,
    "userPassword": 123456
  },
  {
    "id": 18,
    "username": "陈建荣",
    "age": 20,
    "userAccount": "chenjianrong123",
    "avatarUrl": "assets/media/classImg/陈建荣.jpg",
    "gender": "男",
    "createTime": "2024-10-10",
    "userRole": 0    ,
    "userPassword": 123456
  },
  {
    "id": 19,
    "username": "陈玉颖",
    "age": 20,
    "userAccount": "chenyuying123",
    "avatarUrl": "assets/media/classImg/陈玉颖.jpg",
    "gender": "女",
    "createTime": "2024-10-10",
    "userRole": 0    ,
    "userPassword": 123456
  },
  {
    "id": 20,
    "username": "陈钰芸",
    "age": 20,
    "userAccount": "chenyuyun123",
    "avatarUrl": "assets/media/classImg/陈钰芸.jpg",
    "gender": "女",
    "createTime": "2024-10-10",
    "userRole": 0    ,
    "userPassword": 123456
  },
  {
    "id": 21,
    "username": "郭培健",
    "age": 20,
    "userAccount": "guopeijian123",
    "avatarUrl": "assets/media/classImg/郭培健.jpg",
    "gender": "男",
    "createTime": "2024-10-10",
    "userRole": 0    ,
    "userPassword": 123456
  },
  {
    "id": 22,
    "username": "黄宇轩",
    "age": 20,
    "userAccount": "huangyuxuan123",
    "avatarUrl": "assets/media/classImg/黄宇轩.jpg",
    "gender": "男",
    "createTime": "2024-10-10",
    "userRole": 0    ,
    "userPassword": 123456
  },
  {
    "id": 23,
    "username": "江泽宇",
    "age": 20,
    "userAccount": "jiangzeyu123",
    "avatarUrl": "assets/media/classImg/江泽宇.jpg",
    "gender": "男",
    "createTime": "2024-10-10",
    "userRole": 0    ,
    "userPassword": 123456
  },
  {
    "id": 24,
    "username": "李俊程",
    "age": 20,
    "userAccount": "lijingcheng123",
    "avatarUrl": "assets/media/classImg/李俊程.jpg",
    "gender": "男",
    "createTime": "2024-10-10",
    "userRole": 0    ,
    "userPassword": 123456
  },
  {
    "id": 25,
    "username": "李炜锐",
    "age": 20,
    "userAccount": "liweirui123",
    "avatarUrl": "assets/media/classImg/李炜锐.jpg",
    "gender": "男",
    "createTime": "2024-10-10",
    "userRole": 0    ,
    "userPassword": 123456
  },
  {
    "id": 26,
    "username": "李焱昊",
    "age": 20,
    "userAccount": "liyanhao123",
    "avatarUrl": "assets/media/classImg/李焱昊.jpg",
    "gender": "男",
    "createTime": "2024-10-10",
    "userRole": 0    ,
    "userPassword": 123456
  },
  {
    "id": 27,
    "username": "李政",
    "age": 20,
    "userAccount": "lizheng123",
    "avatarUrl": "assets/media/classImg/李政.jpg",
    "gender": "男",
    "createTime": "2024-10-10",
    "userRole": 0    ,
    "userPassword": 123456
  },
  {
    "id": 28,
    "username": "连宇",
    "age": 20,
    "userAccount": "lianyu123",
    "avatarUrl": "assets/media/classImg/连宇.jpg",
    "gender": "男",
    "createTime": "2024-10-10",
    "userRole": 0    ,
    "userPassword": 123456
  },
  {
    "id": 29,
    "username": "马舒琪",
    "age": 20,
    "userAccount": "mashuqi123",
    "avatarUrl": "assets/media/classImg/马舒琪.jpg",
    "gender": "女",
    "createTime": "2024-10-10",
    "userRole": 0    ,
    "userPassword": 123456
  },
  {
    "id": 30,
    "username": "杨倚豪",
    "age": 20,
    "userAccount": "yangyihao123",
    "avatarUrl": "assets/media/classImg/杨倚豪.jpg",
    "gender": "男",
    "createTime": "2024-10-10",
    "userRole": 0    ,
    "userPassword": 123456
  },

    {
      "id": 31,
      "username": "潘昱安",
      "age": 20,
      "userAccount": "panyuan123",
      "avatarUrl": "assets/media/classImg/潘昱安.jpg",
      "gender": "男",
      "createTime": "2024-10-10",
      "userRole": 0    ,
      "userPassword": 123456
    },
    {
      "id": 32,
      "username": "钱美珍",
      "age": 20,
      "userAccount": "qianmeizhen123",
      "avatarUrl": "assets/media/classImg/钱美珍.jpg",
      "gender": "女",
      "createTime": "2024-10-10",
      "userRole": 0    ,
      "userPassword": 123456
    },
    {
      "id": 33,
      "username": "阮炜邦",
      "age": 20,
      "userAccount": "ruanweibang123",
      "avatarUrl": "assets/media/classImg/阮炜邦.jpg",
      "gender": "男",
      "createTime": "2024-10-10",
      "userRole": 0    ,
      "userPassword": 123456
    },
    {
      "id": 34,
      "username": "苏振瑶",
      "age": 20,
      "userAccount": "suzhenyao123",
      "avatarUrl": "assets/media/classImg/苏振瑶.jpg",
      "gender": "女",
      "createTime": "2024-10-10",
      "userRole": 0    ,
      "userPassword": 123456
    },
    {
      "id": 35,
      "username": "唐光华",
      "age": 20,
      "userAccount": "tangguanghua123",
      "avatarUrl": "assets/media/classImg/唐光华.jpg",
      "gender": "男",
      "createTime": "2024-10-10",
      "userRole": 0    ,
      "userPassword": 123456
    },
    {
      "id": 36,
      "username": "唐家豪",
      "age": 20,
      "userAccount": "tangjiahao123",
      "avatarUrl": "assets/media/classImg/唐家豪.jpg",
      "gender": "男",
      "createTime": "2024-10-10",
      "userRole": 0    ,
      "userPassword": 123456
    },
    {
      "id": 37,
      "username": "翁裕杰",
      "age": 20,
      "userAccount": "wengyujie123",
      "avatarUrl": "assets/media/classImg/翁裕杰.jpg",
      "gender": "男",
      "createTime": "2024-10-10",
      "userRole": 0    ,
      "userPassword": 123456
    },
    {
      "id": 38,
      "username": "吴俊桦",
      "age": 20,
      "userAccount": "wujunhua123",
      "avatarUrl": "assets/media/classImg/吴俊桦.jpg",
      "gender": "男",
      "createTime": "2024-10-10",
      "userRole": 0    ,
      "userPassword": 123456
    },
    {
      "id": 39,
      "username": "吴培鑫",
      "age": 20,
      "userAccount": "wupeixin123",
      "avatarUrl": "assets/media/classImg/吴培鑫.jpg",
      "gender": "女",
      "createTime": "2024-10-10",
      "userRole": 0    ,
      "userPassword": 123456
    },
    {
      "id": 40,
      "username": "吴咏泽",
      "age": 20,
      "userAccount": "wuyongze123",
      "avatarUrl": "assets/media/classImg/吴咏泽.jpg",
      "gender": "男",
      "createTime": "2024-10-10",
      "userRole": 0    ,
      "userPassword": 123456
    },
    {
      "id": 41,
      "username": "肖立彬",
      "age": 20,
      "userAccount": "xiaolibin123",
      "avatarUrl": "assets/media/classImg/肖立彬.jpg",
      "gender": "男",
      "createTime": "2024-10-10",
      "userRole": 0    ,
      "userPassword": 123456
    },
    {
      "id": 42,
      "username": "许烘坚",
      "age": 20,
      "userAccount": "xuhongjian123",
      "avatarUrl": "assets/media/classImg/许烘坚.jpg",
      "gender": "男",
      "createTime": "2024-10-10",
      "userRole": 0    ,
      "userPassword": 123456
    },
    {
      "id": 43,
      "username": "薛宏超",
      "age": 20,
      "userAccount": "xuehongchao123",
      "avatarUrl": "assets/media/classImg/薛宏超.jpg",
      "gender": "男",
      "createTime": "2024-10-10",
      "userRole": 0    ,
      "userPassword": 123456
    },
    {
      "id": 44,
      "username": "张健聪",
      "age": 20,
      "userAccount": "zhangjiancong123",
      "avatarUrl": "assets/media/classImg/张健聪.jpg",
      "gender": "男",
      "createTime": "2024-10-10",
      "userRole": 0    ,
      "userPassword": 123456
    },
    {
      "id": 45,
      "username": "张凯强",
      "age": 20,
      "userAccount": "zhangkaichang123",
      "avatarUrl": "assets/media/classImg/张凯强.jpg",
      "gender": "男",
      "createTime": "2024-10-10",
      "userRole": 0    ,
      "userPassword": 123456
    },
    {
      "id": 46,
      "username": "张庆清",
      "age": 20,
      "userAccount": "zhangqingqing123",
      "avatarUrl": "assets/media/classImg/张庆清.jpg",
      "gender": "男",
      "createTime": "2024-10-10",
      "userRole": 0    ,
      "userPassword": 123456
    },
    {
      "id": 47,
      "username": "张小龙",
      "age": 20,
      "userAccount": "zhangxiaolong123",
      "avatarUrl": "assets/media/classImg/张小龙.jpg",
      "gender": "男",
      "createTime": "2024-10-10",
      "userRole": 0    ,
      "userPassword": 123456
    },
    {
      "id": 48,
      "username": "张耀元",
      "age": 20,
      "userAccount": "zhangyaoyuan123",
      "avatarUrl": "assets/media/classImg/张耀元.jpg",
      "gender": "男",
      "createTime": "2024-10-10",
      "userRole": 0    ,
      "userPassword": 123456
    },
    {
      "id": 49,
      "username": "庄璧君",
      "age": 20,
      "userAccount": "zhuangshengjun123",
      "avatarUrl": "assets/media/classImg/庄璧君.jpg",
      "gender": "女",
      "createTime": "2024-10-10",
      "userRole": 0    ,
      "userPassword": 123456
    },
    {
      "id": 50,
      "username": "卓奕森",
      "age": 20,
      "userAccount": "zhuoyisen123",
      "avatarUrl": "assets/media/classImg/卓奕森.jpg",
      "gender": "男",
      "createTime": "2024-10-10",
      "userRole": 0    ,
      "userPassword": 123456
    }



]
