[
  {
    "id": 1,
    "vueData": [197, 188, 67, 509, 28, 271, 31],
    "mysqlData": [180, 168, 152, 251, 148, 84, 137],
    "phpData": [194, 183, 140, 367, 62, 54, 41],
    "javaData": [196, 168, 140, 468, 165, 117, 11],
    "learnTime": [150, 220, 260, 220, 480, 200, 300]
  },
  {
    "id": 2,
    "vueData": [163, 119, 16, 97, 31, 29, 212],
    "mysqlData": [195, 80, 12, 11, 89, 340, 119],
    "phpData": [198, 72, 136, 155, 104, 37, 115],
    "javaData": [170, 15, 109, 129, 107, 79, 130],
    "learnTime": [50, 40, 20, 40, 80, 0, 0]
  },
  {
    "id": 3,
    "vueData": [172, 159, 145, 92, 77, 21, 11],
    "mysqlData": [164, 152, 148, 142, 141, 82, 62],
    "phpData": [141, 137, 115, 91, 89, 88, 26],
    "javaData": [173, 166, 109, 108, 66, 52, 20],
    "learnTime": [50, 120, 260, 120, 80, 0, 0]
  },
  {
    "id": 4,
    "vueData": [194, 11, 262, 248, 223, 6, 109],
    "mysqlData": [147, 230, 105, 90, 27, 176, 180],
    "phpData":[200, 200, 205, 290, 207, 176, 181],
    "javaData": [100,150,200,250,300,200,100],
    "learnTime": [50, 120, 260, 120, 80, 0, 0]
  },
  {
    "id": 5,
    "vueData": [124, 289, 199, 218, 88, 258, 283],
    "mysqlData": [147, 230, 105, 90, 27, 176, 180],
    "phpData":[200, 200, 205, 290, 207, 176, 181],
    "javaData": [100,150,200,250,300,200,100],
    "learnTime": [50, 120, 260, 120, 80, 0, 0]},
  {
    "id": 6,
    "vueData": [59, 122, 142, 224, 230, 240, 225],
    "mysqlData": [147, 230, 105, 90, 27, 176, 180],
    "phpData":[200, 200, 205, 290, 207, 176, 181],
    "javaData": [100,150,200,250,300,200,100],
    "learnTime": [50, 120, 260, 120, 80, 0, 0]
  },
  {
    "id": 7,
    "vueData": [96, 273, 62, 181, 9, 54, 183],
    "mysqlData": [147, 230, 105, 90, 27, 176, 180],
    "phpData":[200, 200, 205, 290, 207, 176, 181],
    "javaData": [100,150,200,250,300,200,100],
    "learnTime": [50, 120, 260, 120, 80, 0, 0]},
  {
    "id": 8,
    "vueData": [156, 172, 294, 270, 117, 230, 151],
    "mysqlData": [147, 230, 105, 90, 27, 176, 180],
    "phpData":[200, 200, 205, 290, 207, 176, 181],
    "javaData": [100,150,200,250,300,200,100],
    "learnTime": [50, 120, 260, 120, 80, 0, 0]
  },
  {
    "id": 9,
    "vueData": [237, 268, 135, 78, 69, 249, 124],
    "mysqlData": [147, 230, 105, 90, 27, 176, 180],
    "phpData":[200, 200, 205, 290, 207, 176, 181],
    "javaData": [100,150,200,250,300,200,100],
    "learnTime": [50, 120, 260, 120, 80, 0, 0]},
  {
    "id": 10,
    "vueData": [223, 148, 158, 14, 292, 54, 92],
    "mysqlData": [147, 230, 105, 90, 27, 176, 180],
    "phpData":[200, 200, 205, 290, 207, 176, 181],
    "javaData": [100,150,200,250,300,200,100],
    "learnTime": [50, 120, 260, 120, 80, 0, 0]
  },
  {
    "id": 11,
    "vueData": [224, 240, 219, 299, 128, 235, 187],
    "mysqlData": [147, 230, 105, 90, 27, 176, 180],
    "phpData":[200, 200, 205, 290, 207, 176, 181],
    "javaData": [100,150,200,250,300,200,100],
    "learnTime": [50, 120, 260, 120, 80, 0, 0]},
  {
    "id": 12,
    "vueData": [292, 216, 261, 119, 283, 229, 65],
    "mysqlData": [147, 230, 105, 90, 27, 176, 180],
    "phpData":[200, 200, 205, 290, 207, 176, 181],
    "javaData": [100,150,200,250,300,200,100],
    "learnTime": [50, 120, 260, 120, 80, 0, 0]
  },
  {
    "id": 13,
    "vueData": [188, 219, 34, 100, 233, 59, 2],
    "mysqlData": [147, 230, 105, 90, 27, 176, 180],
    "phpData":[200, 200, 205, 290, 207, 176, 181],
    "javaData": [100,150,200,250,300,200,100],
    "learnTime": [50, 120, 260, 120, 80, 0, 0]},
  {
    "id": 14,
    "vueData": [252, 141, 206, 64, 117, 52, 159],
    "mysqlData": [147, 230, 105, 90, 27, 176, 180],
    "phpData":[200, 200, 205, 290, 207, 176, 181],
    "javaData": [100,150,200,250,300,200,100],
    "learnTime": [50, 120, 260, 120, 80, 0, 0]
  },
  {
    "id": 15,
    "vueData": [30, 171, 65, 9, 142, 92, 51],
    "mysqlData": [147, 230, 105, 90, 27, 176, 180],
    "phpData":[200, 200, 205, 290, 207, 176, 181],
    "javaData": [100,150,200,250,300,200,100],
    "learnTime": [50, 120, 260, 120, 80, 0, 0]},
  {
    "id": 16,
    "vueData": [274, 226, 124, 76, 300, 170, 224],
    "mysqlData": [147, 230, 105, 90, 27, 176, 180],
    "phpData":[200, 200, 205, 290, 207, 176, 181],
    "javaData": [100,150,200,250,300,200,100],
    "learnTime": [50, 120, 260, 120, 80, 0, 0]
  },
  {
    "id": 17,
    "vueData": [102, 226, 88, 38, 179, 275, 3],
    "mysqlData": [147, 230, 105, 90, 27, 176, 180],
    "phpData":[200, 200, 205, 290, 207, 176, 181],
    "javaData": [100,150,200,250,300,200,100],
    "learnTime": [50, 120, 260, 120, 80, 0, 0]},
  {
    "id": 18,
    "vueData": [83, 266, 19, 190, 170, 129, 119],
    "mysqlData": [147, 230, 105, 90, 27, 176, 180],
    "phpData":[200, 200, 205, 290, 207, 176, 181],
    "javaData": [100,150,200,250,300,200,100],
    "learnTime": [50, 120, 260, 120, 80, 0, 0]
  },
  {
    "id": 19,
    "vueData": [221, 181, 69, 271, 230, 170, 70],
    "mysqlData": [147, 230, 105, 90, 27, 176, 180],
    "phpData":[200, 200, 205, 290, 207, 176, 181],
    "javaData": [100,150,200,250,300,200,100],
    "learnTime": [50, 120, 260, 120, 80, 0, 0]},
  {
    "id": 20,
    "vueData": [248, 286, 138, 180, 233, 170, 25],
    "mysqlData": [147, 230, 105, 90, 27, 176, 180],
    "phpData":[200, 200, 205, 290, 207, 176, 181],
    "javaData": [100,150,200,250,300,200,100],
    "learnTime": [50, 120, 260, 120, 80, 0, 0]
  }
]
